<?xml version="1.0" encoding="UTF-8"?>
<GenRun Id="impl_1" LaunchPart="xc7a100tcsg324-1" LaunchTime="1734000832">
  <File Type="BITSTR-BMM" Name="SCPU_TOP_bd.bmm"/>
  <File Type="OPT-METHODOLOGY-DRC" Name="SCPU_TOP_methodology_drc_opted.rpt"/>
  <File Type="INIT-TIMING" Name="SCPU_TOP_timing_summary_init.rpt"/>
  <File Type="ROUTE-PWR" Name="SCPU_TOP_power_routed.rpt"/>
  <File Type="PA-TCL" Name="SCPU_TOP.tcl"/>
  <File Type="OPT-TIMING" Name="SCPU_TOP_timing_summary_opted.rpt"/>
  <File Type="OPT-DCP" Name="SCPU_TOP_opt.dcp"/>
  <File Type="ROUTE-PWR-SUM" Name="SCPU_TOP_power_summary_routed.pb"/>
  <File Type="REPORTS-TCL" Name="SCPU_TOP_reports.tcl"/>
  <File Type="OPT-DRC" Name="SCPU_TOP_drc_opted.rpt"/>
  <File Type="OPT-HWDEF" Name="SCPU_TOP.hwdef"/>
  <File Type="PWROPT-DCP" Name="SCPU_TOP_pwropt.dcp"/>
  <File Type="PWROPT-DRC" Name="SCPU_TOP_drc_pwropted.rpt"/>
  <File Type="PWROPT-TIMING" Name="SCPU_TOP_timing_summary_pwropted.rpt"/>
  <File Type="PLACE-DCP" Name="SCPU_TOP_placed.dcp"/>
  <File Type="PLACE-IO" Name="SCPU_TOP_io_placed.rpt"/>
  <File Type="PLACE-CLK" Name="SCPU_TOP_clock_utilization_placed.rpt"/>
  <File Type="PLACE-UTIL" Name="SCPU_TOP_utilization_placed.rpt"/>
  <File Type="PLACE-UTIL-PB" Name="SCPU_TOP_utilization_placed.pb"/>
  <File Type="PLACE-CTRL" Name="SCPU_TOP_control_sets_placed.rpt"/>
  <File Type="PLACE-SIMILARITY" Name="SCPU_TOP_incremental_reuse_placed.rpt"/>
  <File Type="PLACE-PRE-SIMILARITY" Name="SCPU_TOP_incremental_reuse_pre_placed.rpt"/>
  <File Type="BG-BGN" Name="SCPU_TOP.bgn"/>
  <File Type="PLACE-TIMING" Name="SCPU_TOP_timing_summary_placed.rpt"/>
  <File Type="POSTPLACE-PWROPT-DCP" Name="SCPU_TOP_postplace_pwropt.dcp"/>
  <File Type="BG-BIN" Name="SCPU_TOP.bin"/>
  <File Type="POSTPLACE-PWROPT-TIMING" Name="SCPU_TOP_timing_summary_postplace_pwropted.rpt"/>
  <File Type="PHYSOPT-DCP" Name="SCPU_TOP_physopt.dcp"/>
  <File Type="PHYSOPT-DRC" Name="SCPU_TOP_drc_physopted.rpt"/>
  <File Type="BITSTR-MSK" Name="SCPU_TOP.msk"/>
  <File Type="PHYSOPT-TIMING" Name="SCPU_TOP_timing_summary_physopted.rpt"/>
  <File Type="ROUTE-ERROR-DCP" Name="SCPU_TOP_routed_error.dcp"/>
  <File Type="ROUTE-DCP" Name="SCPU_TOP_routed.dcp"/>
  <File Type="ROUTE-BLACKBOX-DCP" Name="SCPU_TOP_routed_bb.dcp"/>
  <File Type="ROUTE-DRC" Name="SCPU_TOP_drc_routed.rpt"/>
  <File Type="ROUTE-DRC-PB" Name="SCPU_TOP_drc_routed.pb"/>
  <File Type="BITSTR-LTX" Name="debug_nets.ltx"/>
  <File Type="BITSTR-LTX" Name="SCPU_TOP.ltx"/>
  <File Type="ROUTE-DRC-RPX" Name="SCPU_TOP_drc_routed.rpx"/>
  <File Type="BITSTR-MMI" Name="SCPU_TOP.mmi"/>
  <File Type="ROUTE-METHODOLOGY-DRC" Name="SCPU_TOP_methodology_drc_routed.rpt"/>
  <File Type="ROUTE-METHODOLOGY-DRC-RPX" Name="SCPU_TOP_methodology_drc_routed.rpx"/>
  <File Type="BITSTR-SYSDEF" Name="SCPU_TOP.sysdef"/>
  <File Type="ROUTE-METHODOLOGY-DRC-PB" Name="SCPU_TOP_methodology_drc_routed.pb"/>
  <File Type="ROUTE-PWR-RPX" Name="SCPU_TOP_power_routed.rpx"/>
  <File Type="ROUTE-STATUS" Name="SCPU_TOP_route_status.rpt"/>
  <File Type="ROUTE-STATUS-PB" Name="SCPU_TOP_route_status.pb"/>
  <File Type="ROUTE-TIMINGSUMMARY" Name="SCPU_TOP_timing_summary_routed.rpt"/>
  <File Type="ROUTE-TIMING-PB" Name="SCPU_TOP_timing_summary_routed.pb"/>
  <File Type="ROUTE-TIMING-RPX" Name="SCPU_TOP_timing_summary_routed.rpx"/>
  <File Type="ROUTE-SIMILARITY" Name="SCPU_TOP_incremental_reuse_routed.rpt"/>
  <File Type="ROUTE-CLK" Name="SCPU_TOP_clock_utilization_routed.rpt"/>
  <File Type="ROUTE-BUS-SKEW" Name="SCPU_TOP_bus_skew_routed.rpt"/>
  <File Type="ROUTE-BUS-SKEW-PB" Name="SCPU_TOP_bus_skew_routed.pb"/>
  <File Type="ROUTE-BUS-SKEW-RPX" Name="SCPU_TOP_bus_skew_routed.rpx"/>
  <File Type="POSTROUTE-PHYSOPT-DCP" Name="SCPU_TOP_postroute_physopt.dcp"/>
  <File Type="POSTROUTE-PHYSOPT-BLACKBOX-DCP" Name="SCPU_TOP_postroute_physopt_bb.dcp"/>
  <File Type="POSTROUTE-PHYSOPT-TIMING" Name="SCPU_TOP_timing_summary_postroute_physopted.rpt"/>
  <File Type="POSTROUTE-PHYSOPT-TIMING-PB" Name="SCPU_TOP_timing_summary_postroute_physopted.pb"/>
  <File Type="POSTROUTE-PHYSOPT-TIMING-RPX" Name="SCPU_TOP_timing_summary_postroute_physopted.rpx"/>
  <File Type="POSTROUTE-PHYSOPT-BUS-SKEW" Name="SCPU_TOP_bus_skew_postroute_physopted.rpt"/>
  <File Type="POSTROUTE-PHYSOPT-BUS-SKEW-PB" Name="SCPU_TOP_bus_skew_postroute_physopted.pb"/>
  <File Type="BG-BIT" Name="SCPU_TOP.bit"/>
  <File Type="POSTROUTE-PHYSOPT-BUS-SKEW-RPX" Name="SCPU_TOP_bus_skew_postroute_physopted.rpx"/>
  <File Type="BITSTR-RBT" Name="SCPU_TOP.rbt"/>
  <File Type="BITSTR-NKY" Name="SCPU_TOP.nky"/>
  <File Type="BG-DRC" Name="SCPU_TOP.drc"/>
  <File Type="RDI-RDI" Name="SCPU_TOP.vdi"/>
  <File Type="WBT-USG" Name="usage_statistics_webtalk.html"/>
  <FileSet Name="sources" Type="DesignSrcs" RelSrcDir="$PSRCDIR/sources_1">
    <Filter Type="Srcs"/>
    <File Path="$PSRCDIR/sources_1/new/EXT.v">
      <FileInfo>
        <Attr Name="UsedIn" Val="synthesis"/>
        <Attr Name="UsedIn" Val="implementation"/>
        <Attr Name="UsedIn" Val="simulation"/>
      </FileInfo>
    </File>
    <File Path="$PSRCDIR/sources_1/new/NPC.v">
      <FileInfo>
        <Attr Name="UsedIn" Val="synthesis"/>
        <Attr Name="UsedIn" Val="implementation"/>
        <Attr Name="UsedIn" Val="simulation"/>
      </FileInfo>
    </File>
    <File Path="$PSRCDIR/sources_1/new/PC.v">
      <FileInfo>
        <Attr Name="UsedIn" Val="synthesis"/>
        <Attr Name="UsedIn" Val="implementation"/>
        <Attr Name="UsedIn" Val="simulation"/>
      </FileInfo>
    </File>
    <File Path="$PSRCDIR/sources_1/new/RF.v">
      <FileInfo>
        <Attr Name="UsedIn" Val="synthesis"/>
        <Attr Name="UsedIn" Val="implementation"/>
        <Attr Name="UsedIn" Val="simulation"/>
      </FileInfo>
    </File>
    <File Path="$PSRCDIR/sources_1/new/alu.v">
      <FileInfo>
        <Attr Name="UsedIn" Val="synthesis"/>
        <Attr Name="UsedIn" Val="implementation"/>
        <Attr Name="UsedIn" Val="simulation"/>
      </FileInfo>
    </File>
    <File Path="$PSRCDIR/sources_1/new/ctrl.v">
      <FileInfo>
        <Attr Name="UsedIn" Val="synthesis"/>
        <Attr Name="UsedIn" Val="implementation"/>
        <Attr Name="UsedIn" Val="simulation"/>
      </FileInfo>
    </File>
    <File Path="$PSRCDIR/sources_1/new/dm.v">
      <FileInfo>
        <Attr Name="UsedIn" Val="synthesis"/>
        <Attr Name="UsedIn" Val="implementation"/>
        <Attr Name="UsedIn" Val="simulation"/>
      </FileInfo>
    </File>
    <File Path="$PSRCDIR/sources_1/new/seg7x16.v">
      <FileInfo>
        <Attr Name="UsedIn" Val="synthesis"/>
        <Attr Name="UsedIn" Val="implementation"/>
        <Attr Name="UsedIn" Val="simulation"/>
      </FileInfo>
    </File>
    <File Path="$PSRCDIR/sources_1/new/SCPU_TOP.v">
      <FileInfo>
        <Attr Name="UsedIn" Val="synthesis"/>
        <Attr Name="UsedIn" Val="implementation"/>
        <Attr Name="UsedIn" Val="simulation"/>
      </FileInfo>
    </File>
    <File Path="$PPRDIR/../Test_8_Instr1.coe">
      <FileInfo>
        <Attr Name="UsedIn" Val="synthesis"/>
        <Attr Name="UsedIn" Val="simulation"/>
      </FileInfo>
    </File>
    <Config>
      <Option Name="DesignMode" Val="RTL"/>
      <Option Name="TopModule" Val="SCPU_TOP"/>
      <Option Name="TopAutoSet" Val="TRUE"/>
    </Config>
  </FileSet>
  <FileSet Name="constrs_in" Type="Constrs" RelSrcDir="$PSRCDIR/constrs_1">
    <Filter Type="Constrs"/>
    <File Path="$PPRDIR/../icf.xdc">
      <FileInfo>
        <Attr Name="UsedIn" Val="synthesis"/>
        <Attr Name="UsedIn" Val="implementation"/>
      </FileInfo>
    </File>
    <Config>
      <Option Name="ConstrsType" Val="XDC"/>
    </Config>
  </FileSet>
  <FileSet Name="utils" Type="Utils" RelSrcDir="$PSRCDIR/utils_1">
    <Filter Type="Utils"/>
    <Config>
      <Option Name="TopAutoSet" Val="TRUE"/>
    </Config>
  </FileSet>
  <Strategy Version="1" Minor="2">
    <StratHandle Name="Vivado Implementation Defaults" Flow="Vivado Implementation 2018"/>
    <Step Id="init_design"/>
    <Step Id="opt_design"/>
    <Step Id="power_opt_design"/>
    <Step Id="place_design"/>
    <Step Id="post_place_power_opt_design"/>
    <Step Id="phys_opt_design"/>
    <Step Id="route_design"/>
    <Step Id="post_route_phys_opt_design"/>
    <Step Id="write_bitstream"/>
  </Strategy>
  <BlockFileSet Type="BlockSrcs" Name="dist_mem_gen_0"/>
</GenRun>
